coreid,identifier,title,format,notes,sortBy,recordID,initialTimestamp
655003,748133,"RSA accession",,,,,"2022-04-05 11:55:30"
656057,564812,"RSA accession",,,,,"2022-04-05 11:55:30"
720729,90719,"POM accession",,,,,"2022-04-05 11:40:26"
725497,166853,"RSA accession",,,,,"2022-04-05 11:55:30"
734341,805973,"RSA accession",,,,,"2022-04-05 11:55:30"
754920,697299,"RSA accession",,,,,"2022-04-05 11:55:30"
760145,276472,"POM accession",,,,,"2022-04-05 11:40:26"
772871,4185,"RSA accession",,,,,"2022-04-05 11:55:30"
784406,10923,"RSA accession",,,,,"2022-04-05 11:55:30"
786907,38649,"RSA accession",,,,,"2022-04-05 11:55:30"
791824,214819,"POM accession",,,,,"2022-04-05 11:40:26"
920116,145491,"POM accession",,,,,"2022-04-05 11:40:26"
944481,183781,"POM accession",,,,,"2022-04-05 11:40:26"
960508,78554,"RSA accession",,,,,"2022-04-05 11:55:30"
967867,658653,"RSA accession",,,,,"2022-04-05 11:55:30"
971299,675804,"RSA accession",,,,,"2022-04-05 11:55:30"
987127,275353,"POM accession",,,,,"2022-04-05 11:40:26"
991487,643942,"RSA accession",,,,,"2022-04-05 11:55:30"
993127,22031,"RSA accession",,,,,"2022-04-05 11:55:30"
999631,468116,"RSA accession",,,,,"2022-04-05 11:55:30"
1003226,202875,"RSA accession",,,,,"2022-04-05 11:55:30"
1016133,109557,"RSA accession",,,,,"2022-04-05 11:55:30"
1035927,214804,"POM accession",,,,,"2022-04-05 11:40:26"
1086880,108246,"RSA accession",,,,,"2022-04-05 11:55:30"
1088394,9967,"RSA accession",,,,,"2022-04-05 11:55:30"
1088871,111535,"RSA accession",,,,,"2022-04-05 11:55:30"
1093936,346922,"RSA accession",,,,,"2022-04-05 11:55:30"
1113523,83326,"RSA accession",,,,,"2022-04-05 11:55:30"
1114786,742494,"RSA accession",,,,,"2022-04-05 11:55:30"
1153241,275355,"POM accession",,,,,"2022-04-05 11:40:26"
1161124,261465,"POM accession",,,,,"2022-04-05 11:40:26"
1228560,407091,"RSA accession",,,,,"2022-04-05 11:55:30"
1236124,256751,"POM accession",,,,,"2022-04-05 11:40:26"
6193416,DAV247559,"Accession #",,,,,"2025-01-07 18:14:21"
